{
  "AD": {"code": "AD", "name": "Andorra", "continent": "Europe"},
  "AE": {"code": "AE", "name": "United Arab Emirates", "continent": "Asia"},
  "AF": {"code": "AF", "name": "Afghanistan", "continent": "Asia"},
  "AG": {"code": "AG", "name": "Antigua and Barbuda", "continent": "North America"},
  "AI": {"code": "AI", "name": "Anguilla", "continent": "North America"},
  "AL": {"code": "AL", "name": "Albania", "continent": "Europe"},
  "AM": {"code": "AM", "name": "Armenia", "continent": "Asia"},
  "AO": {"code": "AO", "name": "Angola", "continent": "Africa"},
  "AQ": {"code": "AQ", "name": "Antarctica", "continent": "Antarctica"},
  "AR": {"code": "AR", "name": "Argentina", "continent": "South America"},
  "AS": {"code": "AS", "name": "American Samoa", "continent": "Oceania"},
  "AT": {"code": "AT", "name": "Austria", "continent": "Europe"},
  "AU": {"code": "AU", "name": "Australia", "continent": "Oceania"},
  "AW": {"code": "AW", "name": "Aruba", "continent": "North America"},
  "AX": {"code": "AX", "name": "Aland Islands", "continent": "Europe"},
  "AZ": {"code": "AZ", "name": "Azerbaijan", "continent": "Asia"},
  "BA": {"code": "BA", "name": "Bosnia and Herzegovina", "continent": "Europe"},
  "BB": {"code": "BB", "name": "Barbados", "continent": "North America"},
  "BD": {"code": "BD", "name": "Bangladesh", "continent": "Asia"},
  "BE": {"code": "BE", "name": "Belgium", "continent": "Europe"},
  "BF": {"code": "BF", "name": "Burkina Faso", "continent": "Africa"},
  "BG": {"code": "BG", "name": "Bulgaria", "continent": "Europe"},
  "BH": {"code": "BH", "name": "Bahrain", "continent": "Asia"},
  "BI": {"code": "BI", "name": "Burundi", "continent": "Africa"},
  "BJ": {"code": "BJ", "name": "Benin", "continent": "Africa"},
  "BL": {"code": "BL", "name": "Saint Barthelemy", "continent": "North America"},
  "BM": {"code": "BM", "name": "Bermuda", "continent": "North America"},
  "BN": {"code": "BN", "name": "Brunei", "continent": "Asia"},
  "BO": {"code": "BO", "name": "Bolivia", "continent": "South America"},
  "BQ": {"code": "BQ", "name": "Bonaire, Sint Eustatius and Saba", "continent": "North America"},
  "BR": {"code": "BR", "name": "Brazil", "continent": "South America"},
  "BS": {"code": "BS", "name": "Bahamas", "continent": "North America"},
  "BT": {"code": "BT", "name": "Bhutan", "continent": "Asia"},
  "BV": {"code": "BV", "name": "Bouvet Island", "continent": "Antarctica"},
  "BW": {"code": "BW", "name": "Botswana", "continent": "Africa"},
  "BY": {"code": "BY", "name": "Belarus", "continent": "Europe"},
  "BZ": {"code": "BZ", "name": "Belize", "continent": "North America"},
  "CA": {"code": "CA", "name": "Canada", "continent": "North America"},
  "CC": {"code": "CC", "name": "Cocos (Keeling) Islands", "continent": "Asia"},
  "CD": {"code": "CD", "name": "Congo (DRC)", "continent": "Africa"},
  "CF": {"code": "CF", "name": "Central African Republic", "continent": "Africa"},
  "CG": {"code": "CG", "name": "Congo", "continent": "Africa"},
  "CH": {"code": "CH", "name": "Switzerland", "continent": "Europe"},
  "CI": {"code": "CI", "name": "Cote d'Ivoire", "continent": "Africa"},
  "CK": {"code": "CK", "name": "Cook Islands", "continent": "Oceania"},
  "CL": {"code": "CL", "name": "Chile", "continent": "South America"},
  "CM": {"code": "CM", "name": "Cameroon", "continent": "Africa"},
  "CN": {"code": "CN", "name": "China", "continent": "Asia"},
  "CO": {"code": "CO", "name": "Colombia", "continent": "South America"},
  "CR": {"code": "CR", "name": "Costa Rica", "continent": "North America"},
  "CU": {"code": "CU", "name": "Cuba", "continent": "North America"},
  "CV": {"code": "CV", "name": "Cabo Verde", "continent": "Africa"},
  "CW": {"code": "CW", "name": "Curacao", "continent": "North America"},
  "CX": {"code": "CX", "name": "Christmas Island", "continent": "Asia"},
  "CY": {"code": "CY", "name": "Cyprus", "continent": "Europe"},
  "CZ": {"code": "CZ", "name": "Czechia", "continent": "Europe"},
  "DE": {"code": "DE", "name": "Germany", "continent": "Europe"},
  "DJ": {"code": "DJ", "name": "Djibouti", "continent": "Africa"},
  "DK": {"code": "DK", "name": "Denmark", "continent": "Europe"},
  "DM": {"code": "DM", "name": "Dominica", "continent": "North America"},
  "DO": {"code": "DO", "name": "Dominican Republic", "continent": "North America"},
  "DZ": {"code": "DZ", "name": "Algeria", "continent": "Africa"},
  "EC": {"code": "EC", "name": "Ecuador", "continent": "South America"},
  "EE": {"code": "EE", "name": "Estonia", "continent": "Europe"},
  "EG": {"code": "EG", "name": "Egypt", "continent": "Africa"},
  "EH": {"code": "EH", "name": "Western Sahara", "continent": "Africa"},
  "ER": {"code": "ER", "name": "Eritrea", "continent": "Africa"},
  "ES": {"code": "ES", "name": "Spain", "continent": "Europe"},
  "ET": {"code": "ET", "name": "Ethiopia", "continent": "Africa"},
  "FI": {"code": "FI", "name": "Finland", "continent": "Europe"},
  "FJ": {"code": "FJ", "name": "Fiji", "continent": "Oceania"},
  "FK": {"code": "FK", "name": "Falkland Islands", "continent": "South America"},
  "FM": {"code": "FM", "name": "Micronesia", "continent": "Oceania"},
  "FO": {"code": "FO", "name": "Faroe Islands", "continent": "Europe"},
  "FR": {"code": "FR", "name": "France", "continent": "Europe"},
  "GA": {"code": "GA", "name": "Gabon", "continent": "Africa"},
  "GB": {"code": "GB", "name": "United Kingdom", "continent": "Europe"},
  "GD": {"code": "GD", "name": "Grenada", "continent": "North America"},
  "GE": {"code": "GE", "name": "Georgia", "continent": "Asia"},
  "GF": {"code": "GF", "name": "French Guiana", "continent": "South America"},
  "GG": {"code": "GG", "name": "Guernsey", "continent": "Europe"},
  "GH": {"code": "GH", "name": "Ghana", "continent": "Africa"},
  "GI": {"code": "GI", "name": "Gibraltar", "continent": "Europe"},
  "GL": {"code": "GL", "name": "Greenland", "continent": "North America"},
  "GM": {"code": "GM", "name": "Gambia", "continent": "Africa"},
  "GN": {"code": "GN", "name": "Guinea", "continent": "Africa"},
  "GP": {"code": "GP", "name": "Guadeloupe", "continent": "North America"},
  "GQ": {"code": "GQ", "name": "Equatorial Guinea", "continent": "Africa"},
  "GR": {"code": "GR", "name": "Greece", "continent": "Europe"},
  "GS": {"code": "GS", "name": "South Georgia and the South Sandwich Islands", "continent": "Antarctica"},
  "GT": {"code": "GT", "name": "Guatemala", "continent": "North America"},
  "GU": {"code": "GU", "name": "Guam", "continent": "Oceania"},
  "GW": {"code": "GW", "name": "Guinea-Bissau", "continent": "Africa"},
  "GY": {"code": "GY", "name": "Guyana", "continent": "South America"},
  "HK": {"code": "HK", "name": "Hong Kong", "continent": "Asia"},
  "HM": {"code": "HM", "name": "Heard Island and McDonald Islands", "continent": "Antarctica"},
  "HN": {"code": "HN", "name": "Honduras", "continent": "North America"},
  "HR": {"code": "HR", "name": "Croatia", "continent": "Europe"},
  "HT": {"code": "HT", "name": "Haiti", "continent": "North America"},
  "HU": {"code": "HU", "name": "Hungary", "continent": "Europe"},
  "ID": {"code": "ID", "name": "Indonesia", "continent": "Asia"},
  "IE": {"code": "IE", "name": "Ireland", "continent": "Europe"},
  "IL": {"code": "IL", "name": "Israel", "continent": "Asia"},
  "IM": {"code": "IM", "name": "Isle of Man", "continent": "Europe"},
  "IN": {"code": "IN", "name": "India", "continent": "Asia"},
  "IO": {"code": "IO", "name": "British Indian Ocean Territory", "continent": "Asia"},
  "IQ": {"code": "IQ", "name": "Iraq", "continent": "Asia"},
  "IR": {"code": "IR", "name": "Iran", "continent": "Asia"},
  "IS": {"code": "IS", "name": "Iceland", "continent": "Europe"},
  "IT": {"code": "IT", "name": "Italy", "continent": "Europe"},
  "JE": {"code": "JE", "name": "Jersey", "continent": "Europe"},
  "JM": {"code": "JM", "name": "Jamaica", "continent": "North America"},
  "JO": {"code": "JO", "name": "Jordan", "continent": "Asia"},
  "JP": {"code": "JP", "name": "Japan", "continent": "Asia"},
  "KE": {"code": "KE", "name": "Kenya", "continent": "Africa"},
  "KG": {"code": "KG", "name": "Kyrgyzstan", "continent": "Asia"},
  "KH": {"code": "KH", "name": "Cambodia", "continent": "Asia"},
  "KI": {"code": "KI", "name": "Kiribati", "continent": "Oceania"},
  "KM": {"code": "KM", "name": "Comoros", "continent": "Africa"},
  "KN": {"code": "KN", "name": "Saint Kitts and Nevis", "continent": "North America"},
  "KP": {"code": "KP", "name": "North Korea", "continent": "Asia"},
  "KR": {"code": "KR", "name": "South Korea", "continent": "Asia"},
  "KW": {"code": "KW", "name": "Kuwait", "continent": "Asia"},
  "KY": {"code": "KY", "name": "Cayman Islands", "continent": "North America"},
  "KZ": {"code": "KZ", "name": "Kazakhstan", "continent": "Asia"},
  "LA": {"code": "LA", "name": "Laos", "continent": "Asia"},
  "LB": {"code": "LB", "name": "Lebanon", "continent": "Asia"},
  "LC": {"code": "LC", "name": "Saint Lucia", "continent": "North America"},
  "LI": {"code": "LI", "name": "Liechtenstein", "continent": "Europe"},
  "LK": {"code": "LK", "name": "Sri Lanka", "continent": "Asia"},
  "LR": {"code": "LR", "name": "Liberia", "continent": "Africa"},
  "LS": {"code": "LS", "name": "Lesotho", "continent": "Africa"},
  "LT": {"code": "LT", "name": "Lithuania", "continent": "Europe"},
  "LU": {"code": "LU", "name": "Luxembourg", "continent": "Europe"},
  "LV": {"code": "LV", "name": "Latvia", "continent": "Europe"},
  "LY": {"code": "LY", "name": "Libya", "continent": "Africa"},
  "MA": {"code": "MA", "name": "Morocco", "continent": "Africa"},
  "MC": {"code": "MC", "name": "Monaco", "continent": "Europe"},
  "MD": {"code": "MD", "name": "Moldova", "continent": "Europe"},
  "ME": {"code": "ME", "name": "Montenegro", "continent": "Europe"},
  "MF": {"code": "MF", "name": "Saint Martin", "continent": "North America"},
  "MG": {"code": "MG", "name": "Madagascar", "continent": "Africa"},
  "MH": {"code": "MH", "name": "Marshall Islands", "continent": "Oceania"},
  "MK": {"code": "MK", "name": "North Macedonia", "continent": "Europe"},
  "ML": {"code": "ML", "name": "Mali", "continent": "Africa"},
  "MM": {"code": "MM", "name": "Myanmar", "continent": "Asia"},
  "MN": {"code": "MN", "name": "Mongolia", "continent": "Asia"},
  "MO": {"code": "MO", "name": "Macao", "continent": "Asia"},
  "MP": {"code": "MP", "name": "Northern Mariana Islands", "continent": "Oceania"},
  "MQ": {"code": "MQ", "name": "Martinique", "continent": "North America"},
  "MR": {"code": "MR", "name": "Mauritania", "continent": "Africa"},
  "MS": {"code": "MS", "name": "Montserrat", "continent": "North America"},
  "MT": {"code": "MT", "name": "Malta", "continent": "Europe"},
  "MU": {"code": "MU", "name": "Mauritius", "continent": "Africa"},
  "MV": {"code": "MV", "name": "Maldives", "continent": "Asia"},
  "MW": {"code": "MW", "name": "Malawi", "continent": "Africa"},
  "MX": {"code": "MX", "name": "Mexico", "continent": "North America"},
  "MY": {"code": "MY", "name": "Malaysia", "continent": "Asia"},
  "MZ": {"code": "MZ", "name": "Mozambique", "continent": "Africa"},
  "NA": {"code": "NA", "name": "Namibia", "continent": "Africa"},
  "NC": {"code": "NC", "name": "New Caledonia", "continent": "Oceania"},
  "NE": {"code": "NE", "name": "Niger", "continent": "Africa"},
  "NF": {"code": "NF", "name": "Norfolk Island", "continent": "Oceania"},
  "NG": {"code": "NG", "name": "Nigeria", "continent": "Africa"},
  "NI": {"code": "NI", "name": "Nicaragua", "continent": "North America"},
  "NL": {"code": "NL", "name": "Netherlands", "continent": "Europe"},
  "NO": {"code": "NO", "name": "Norway", "continent": "Europe"},
  "NP": {"code": "NP", "name": "Nepal", "continent": "Asia"},
  "NR": {"code": "NR", "name": "Nauru", "continent": "Oceania"},
  "NU": {"code": "NU", "name": "Niue", "continent": "Oceania"},
  "NZ": {"code": "NZ", "name": "New Zealand", "continent": "Oceania"},
  "OM": {"code": "OM", "name": "Oman", "continent": "Asia"},
  "PA": {"code": "PA", "name": "Panama", "continent": "North America"},
  "PE": {"code": "PE", "name": "Peru", "continent": "South America"},
  "PF": {"code": "PF", "name": "French Polynesia", "continent": "Oceania"},
  "PG": {"code": "PG", "name": "Papua New Guinea", "continent": "Oceania"},
  "PH": {"code": "PH", "name": "Philippines", "continent": "Asia"},
  "PK": {"code": "PK", "name": "Pakistan", "continent": "Asia"},
  "PL": {"code": "PL", "name": "Poland", "continent": "Europe"},
  "PM": {"code": "PM", "name": "Saint Pierre and Miquelon", "continent": "North America"},
  "PN": {"code": "PN", "name": "Pitcairn", "continent": "Oceania"},
  "PR": {"code": "PR", "name": "Puerto Rico", "continent": "North America"},
  "PS": {"code": "PS", "name": "Palestine", "continent": "Asia"},
  "PT": {"code": "PT", "name": "Portugal", "continent": "Europe"},
  "PW": {"code": "PW", "name": "Palau", "continent": "Oceania"},
  "PY": {"code": "PY", "name": "Paraguay", "continent": "South America"},
  "QA": {"code": "QA", "name": "Qatar", "continent": "Asia"},
  "RE": {"code": "RE", "name": "Reunion", "continent": "Africa"},
  "RO": {"code": "RO", "name": "Romania", "continent": "Europe"},
  "RS": {"code": "RS", "name": "Serbia", "continent": "Europe"},
  "RU": {"code": "RU", "name": "Russia", "continent": "Europe"},
  "RW": {"code": "RW", "name": "Rwanda", "continent": "Africa"},
  "SA": {"code": "SA", "name": "Saudi Arabia", "continent": "Asia"},
  "SB": {"code": "SB", "name": "Solomon Islands", "continent": "Oceania"},
  "SC": {"code": "SC", "name": "Seychelles", "continent": "Africa"},
  "SD": {"code": "SD", "name": "Sudan", "continent": "Africa"},
  "SE": {"code": "SE", "name": "Sweden", "continent": "Europe"},
  "SG": {"code": "SG", "name": "Singapore", "continent": "Asia"},
  "SH": {"code": "SH", "name": "Saint Helena", "continent": "Africa"},
  "SI": {"code": "SI", "name": "Slovenia", "continent": "Europe"},
  "SJ": {"code": "SJ", "name": "Svalbard and Jan Mayen", "continent": "Europe"},
  "SK": {"code": "SK", "name": "Slovakia", "continent": "Europe"},
  "SL": {"code": "SL", "name": "Sierra Leone", "continent": "Africa"},
  "SM": {"code": "SM", "name": "San Marino", "continent": "Europe"},
  "SN": {"code": "SN", "name": "Senegal", "continent": "Africa"},
  "SO": {"code": "SO", "name": "Somalia", "continent": "Africa"},
  "SR": {"code": "SR", "name": "Suriname", "continent": "South America"},
  "SS": {"code": "SS", "name": "South Sudan", "continent": "Africa"},
  "ST": {"code": "ST", "name": "Sao Tome and Principe", "continent": "Africa"},
  "SV": {"code": "SV", "name": "El Salvador", "continent": "North America"},
  "SX": {"code": "SX", "name": "Sint Maarten", "continent": "North America"},
  "SY": {"code": "SY", "name": "Syria", "continent": "Asia"},
  "SZ": {"code": "SZ", "name": "Eswatini", "continent": "Africa"},
  "TC": {"code": "TC", "name": "Turks and Caicos Islands", "continent": "North America"},
  "TD": {"code": "TD", "name": "Chad", "continent": "Africa"},
  "TF": {"code": "TF", "name": "French Southern Territories", "continent": "Antarctica"},
  "TG": {"code": "TG", "name": "Togo", "continent": "Africa"},
  "TH": {"code": "TH", "name": "Thailand", "continent": "Asia"},
  "TJ": {"code": "TJ", "name": "Tajikistan", "continent": "Asia"},
  "TK": {"code": "TK", "name": "Tokelau", "continent": "Oceania"},
  "TL": {"code": "TL", "name": "Timor-Leste", "continent": "Asia"},
  "TM": {"code": "TM", "name": "Turkmenistan", "continent": "Asia"},
  "TN": {"code": "TN", "name": "Tunisia", "continent": "Africa"},
  "TO": {"code": "TO", "name": "Tonga", "continent": "Oceania"},
  "TR": {"code": "TR", "name": "Turkey", "continent": "Asia"},
  "TT": {"code": "TT", "name": "Trinidad and Tobago", "continent": "North America"},
  "TV": {"code": "TV", "name": "Tuvalu", "continent": "Oceania"},
  "TW": {"code": "TW", "name": "Taiwan", "continent": "Asia"},
  "TZ": {"code": "TZ", "name": "Tanzania", "continent": "Africa"},
  "UA": {"code": "UA", "name": "Ukraine", "continent": "Europe"},
  "UG": {"code": "UG", "name": "Uganda", "continent": "Africa"},
  "UM": {"code": "UM", "name": "United States Minor Outlying Islands", "continent": "Oceania"},
  "US": {"code": "US", "name": "United States", "continent": "North America"},
  "UY": {"code": "UY", "name": "Uruguay", "continent": "South America"},
  "UZ": {"code": "UZ", "name": "Uzbekistan", "continent": "Asia"},
  "VA": {"code": "VA", "name": "Vatican City", "continent": "Europe"},
  "VC": {"code": "VC", "name": "Saint Vincent and the Grenadines", "continent": "North America"},
  "VE": {"code": "VE", "name": "Venezuela", "continent": "South America"},
  "VG": {"code": "VG", "name": "British Virgin Islands", "continent": "North America"},
  "VI": {"code": "VI", "name": "U.S. Virgin Islands", "continent": "North America"},
  "VN": {"code": "VN", "name": "Vietnam", "continent": "Asia"},
  "VU": {"code": "VU", "name": "Vanuatu", "continent": "Oceania"},
  "WF": {"code": "WF", "name": "Wallis and Futuna", "continent": "Oceania"},
  "WS": {"code": "WS", "name": "Samoa", "continent": "Oceania"},
  "XK": {"code": "XK", "name": "Kosovo", "continent": "Europe"},
  "YE": {"code": "YE", "name": "Yemen", "continent": "Asia"},
  "YT": {"code": "YT", "name": "Mayotte", "continent": "Africa"},
  "ZA": {"code": "ZA", "name": "South Africa", "continent": "Africa"},
  "ZM": {"code": "ZM", "name": "Zambia", "continent": "Africa"},
  "ZW": {"code": "ZW", "name": "Zimbabwe", "continent": "Africa"}
}
